400;5;1;OSM2041;PELVIS COMPLETA CON SACRO ;16;13
400;5;2;OSM5018F;SOPORTE PARA COLUMNA ;16;13
400;5;3;OSM1006-01;PIE IZQUIERDO CON DEFORMIDAD ;16;13
400;5;4;OSM3023;CLAVICULA IZQUIERDA ;16;13
400;5;5;OSM5010;COLUMNA CERVICAL ;16;13
400;5;6;OSM5005;COLUMNA CON SACRO Y OCCIPITAL ;16;13
400;5;7;OSM5012;COLUMNA LUMBO SACRO ;16;13
400;5;8;OSM9006;CRA NEO CON TODOS LOS DIENTES ;16;13
400;5;9;OSM9001-3;CRANEO CON TAPA FIJA (HUECO) ;16;13
400;5;10;OSM3020;CUBITO IZQUIERDO ;16;13
400;5;11;OSM40PCF-CP;CUERPO DE PRUEBA ;16;13
400;5;12;OSM1018;FEMUR DERECHO INFANTIL JUVENIL ;16;13
400;5;13;OSM1013;FEMUR DERECHO PEDIATRICO ;16;13
400;5;14;OSM2030-1;FEMUR DERECHO SOLIDO ;16;13
400;5;15;OSM1010;FEMUR IZQUIERDO ;16;13
400;5;16;OSM3022BESP;HUMERO IZQUIERDO ;16;13
400;5;17;OSM4010G;MANDIBULA DESDENTADA CON GOMA ;16;13
400;5;18;OSM4010;MANDIBULA SIN DIENTES ;16;13
400;5;19;OSM4402;MANIQUI CON TODOS LOS DIENTES ;16;13
400;5;20;OSM4005;MANIQUI PREMOLAR CON GOMA ;16;13
400;5;21;OSM1001;MANO IZQUIERDA ;16;13
400;5;22;OSM4015;MAXILO CON ALGUNOS DIENTES ;16;13
400;5;23;OSM2042;PELVIS CON FEMORALES ;16;13
400;5;24;OSM2027;PELVIS IZQUIERDA ;16;13
400;5;25;OSM1005D;PIE DERECHO CONGENITO + TIBIA ;16;13
400;5;26;OSM2025PC;PIERNA IZQUIERDA COMPLETA ;16;13
400;5;27;OSM3011;RADIO DERECHO ;16;13
400;5;28;OSM3021;RADIO IZQUIERDO ;16;13
400;5;29;OSM1010L;RODILLA IZQUIERDA ;16;13
400;5;30;OSM1006;TIBIA +PIE IZQUIERDA ;16;13
400;5;31;OSM2026PI;TIBIA CON PIE IZQUIERDO ;16;13
400;5;32;OSM2031DD;TIBIA DERECHA ;16;13
400;5;33;OSM1011;TIBIA IZQUIERDA ;16;13
400;5;34;OSM5000;VERTEBRA ;16;13
400;5;35;OSM5012M;COLUMNA LUMBO SACRO Y MUSCULO ;16;13
400;5;36;OSM-2030;FEMUR DERECHO ;16;13
400;5;37;OSM-2031;TIBIA DERECHA ;16;13
400;10;1;OSM-P1-AU450;PEDIGUARD CURV ;16;14
400;10;2;OSM-P1-AU411;PEDIGUARD TRIP TIP 0.4 0MM ;16;14
400;10;3;OSM-P1-AU412;PEDIGUARD TRIP TIP 03.2 MM ;16;14
400;10;4;OSM-P1-AU451;PEDIGUARD XS CURV ;16;14
400;10;5;OSM-P1-AU414;PEDIGUARD XS TRIP TIP 02.5 MM ;16;14
400;10;6;P1-AU411;PEDIGUARD TRI TIP 04.0MM ;16;14
400;15;1;I1;INICIADOR ;16;10
400;15;2;P1;PUNZON CALIBRADO ;16;10
400;15;3;P3;PUNZON CALIBRADO ;16;10
400;15;4;15-1021-23;GUBIA ;16;10
400;15;5;SIN0;PUNZON CALIBRADO ;16;10
400;15;6;65458-SIN;GANCHO PALPADOR ;16;10
400;15;7;OSM-PB;PALPADORES DE BOLITA ;16;10
400;15;8;OSM-1-5;PINES 1.5 ;16;10
400;15;9;OSM-2-0;PINES 2.0 ;16;10
400;15;10;OSM-RM;PINES ROMOS ;16;10
400;15;11;92910-SIN;PUNZON CALIBRADO ;16;10
400;15;12;21117;ACTUADOR ;16;10
400;15;13;21PIN03;ALICATE PARA REMOVER PIN ;16;10
400;15;14;61721;ALINEADOR DESLIZANTE ;16;10
400;15;15;62922;ANTITORQUE CANULADO ;16;10
400;15;16;62989;ANTITORQUE CANULADO ;16;10
400;15;17;22CCC08;ANTITORQUE CANULADO ;16;10
400;15;18;22TRV16;ATORNILADOR EN T PARA CUERPOS TRANSVERSOS ;16;10
400;15;19;106-10-8;ATORNILLADOR ;16;10
400;15;20;62979;ATORNILLADOR CUERPO TRANSVERSO ;16;10
400;15;21;62913;ATORNILLADOR MULTIAXIAL ;16;10
400;15;22;92942;ATORNILLADOR MULTIAXIAL ALARGADO ;16;10
400;15;23;54900-03;ATORNILLADOR OSSEOSCREW ;16;10
400;15;24;22TRV31;ATORNILLADOR POLIAXIAL CON CAMISA ;16;10
400;15;25;62946;ATORNILLADOR TORNILLO ALARGADO ;16;10
400;15;26;22TRV33;ATORNILLADOR TTL ;16;10
400;15;27;22TRV32;ATORNILLADOR TUERCAS IN ;16;10
400;15;28;21SOC02;BASE CAJA SAMARYS ;16;10
400;15;29;25-0438-01;BIOPSIA RECTA ;16;10
400;15;30;25-0438-02;BIOPSIA UP ;16;10
400;15;31;21FORD02AO;BROCA 024MM/AO ;16;10
400;15;32;61713-010;BROCA 10MM ;16;10
400;15;33;61713-012;BROCA 12MM ;16;10
400;15;34;61713-014;BROCA 14MM ;16;10
400;15;35;61713-016;BROCA 16MM ;16;10
400;15;36;21FOR02AO;BROCA 2.4 MM DE AO ;16;10
400;15;37;21123-55;BROCA 5.5 MM ;16;10
400;15;38;21123-45;BROCA DE 4.5 ;16;10
400;15;39;21123-70;BROCA DE 7.0 ;16;10
400;15;40;62996;CAJA CUERPOS TRANSVERSOS ;16;10
400;15;41;32B0I17;CAJA DE ACERO DICOCERV G2 ;16;10
400;15;42;54910-40;CAJA EJES DESPLIEGUE 4.0 MM ;16;10
400;15;43;54910-45;CAJA EJES DESPLIEGUE 4.5 MM ;16;10
400;15;44;54910-50;CAJA EJES DESPLIEGUE 5.0 MM ;16;10
400;15;45;21197;CAJA ESTERILIZACION ;16;10
400;15;46;54915;CAJA IMPLANTES OSSEOSCREW ;16;10
400;15;47;92913;CAJA INSTRUMENTAL 1 ;16;10
400;15;48;54915-75;CAJA TORNILLOS 7.5 MM ;16;10
400;15;49;54915-01;CAJA TOPES HEXAGONALES ;16;10
400;15;50;61700-06;CAJA TORNILLOS ;16;10
400;15;51;64604;CAJA PARA IMPLANTES NOVEL-TL ;16;10
400;15;52;92933;CAJA INSTRUMENTAL 2 ;16;10
400;15;53;21115-70;CANULA DE BROCA 7.0MM ;16;10
400;15;54;02-004-02;CANULA + ALMA ;16;10
400;15;55;32BOI17;CAJASCIENTX ;16;10
400;15;56;32BOI11;CAJA PARA OLYS N 2 ;16;10
400;15;57;21115-55;CANULA DE BROCA 5.5 MM ;16;10
400;15;58;21115-45;CANULA DE BROCA DE 4.5 ;16;10
400;15;59;02-0004-14;CANULA DE SUCCION 4.75MM + ALMA ;16;10
400;15;60;02-0004-12;CANULA DE SUCCION 4MM + ALMA ;16;10
400;15;61;15-0068-05;CINCEL 5MM ;16;10
400;15;62;15-0148-05;CINCEL 5MM ;16;10
400;15;63;15-0132-13;CINCEL LAMBOTTE 13MM ;16;10
400;15;64;15-0132-06;CINCEL LAMBOTTE 6MM ;16;10
400;15;65;25-0108-00;CLOWARD ANGULADO + 5 VALVAS ;16;10
400;15;66;21COM01;COMPACTOR DE INJERTO ;16;10
400;15;67;21COM03;COMPACTOR DE INJERTO ;16;10
400;15;68;62938HL;CONDUCTOR TUERCA CORTO ;16;10
400;15;69;92938HL;CONDUCTOR TUERCA LARGO ;16;10
400;15;70;21197-01;CONTENEDOR GUIAS ;16;10
400;15;71;31AMT04;CONTENEDOR SAMARYS ;16;10
400;15;72;31AMT05;CONTENEDOR TERMOFORMADO PARA STELLA ;16;10
400;15;73;21EDC01;CONTERA CERVICAL PARA EL PRENSOR DISTRACT ;16;10
400;15;74;21EDC04;CONTERA CERVICAL PARA EL PRENSOR DISTRACT ;16;10
400;15;75;22EDL01;CONTERA CERVICAL PARA EL PRENSOR DISTRACT ;16;10
400;15;76;22EDT01;CONTERA CERVICAL PARA EL PRENSOR DISTRACT ;16;10
400;15;77;92922;CORTA BARRAS DE MESA ;16;10
400;15;78;92923;CORTA BARRAS DE MESA ;16;10
400;15;79;SIN7;CORTADOR DE BARRA ;16;10
400;15;80;15-0223-02;CURETA ;16;10
400;15;81;15-0222-02;CURETA BRUNS GRANDE ;16;10
400;15;82;15-0222-20;CURETA BRUNS MEDIANA ;16;10
400;15;83;15-0222-01;CURETA BRUNS PEQUENA ;16;10
400;15;84;15-0222-30;CURETA BRUNS PEQUENA ;16;10
400;15;85;67-774-020;CURETA BRUNS PEQUENA ;16;10
400;15;86;15-0223-01;CURETA DE 23CM ;16;10
400;15;87;15-0223-20;CURETA DE 23CM ;16;10
400;15;88;22CUR06G;CURETA INFERIOR ;16;10
400;15;89;22CUR05;CURETA RECTA ;16;10
400;15;90;22CUR06D;CURETA SUPERIOR ;16;10
400;15;91;3675-00-03;CURETAZIMMER RECTA ;16;10
400;15;92;21TRV08;DESTORNILLADOR DE IMPLANTES TECORP CERV ;16;10
400;15;93;21TRV04;DESTORNILLADOR HEXAGONAL ;16;10
400;15;94;21120-45;DILATADOR 4.5MM ;16;10
400;15;95;21120-55;DILATADOR 5.5MM ;16;10
400;15;96;21120-70;DILATADOR DE 7.0 M ;16;10
400;15;97;22DST17(1-2);DISTRACTOR LATERAL OLYS ;16;10
400;15;98;21CIN01;DOBLADOR ;16;10
400;15;99;22CIN01-1;DOBLADOR DE BARRAS IN ;16;10
400;15;100;21FPDC2-H4;DISCOCERV PDC2 PRUEBA 8.25 MM ;16;10
400;15;101;21FPDC2-H3;DISCOCERV PDC2 PRUEBA 7.5 MM ;16;10
400;15;102;21FPDC2-H2;DISCOCERV PDC2 PRUEBA 6.75 MM ;16;10
400;15;103;21DST02;DISTRACTOR CERVICAL ;16;10
400;15;104;22DST17(2-2);DISTRACTOR LATERAL OLYS ;16;10
400;15;105;92909;DOBLADOR BARRAS ;16;10
400;15;106;21FPDC2-H1;DISCOCERV PDC2 PRUEBA 6 MM ;16;10
400;15;107;92903-01;DOBLADOR IN SITU LH ;16;10
400;15;108;92903-02;DOBLADOR IN SITU RH ;16;10
400;15;109;22CIN02-D-E;DOBLADOR INL ;16;10
400;15;110;22CIN02-G-E;DOBLADOR INR ;16;10
400;15;111;61720;DOBLADOR PLACAS ;16;10
400;15;112;21111-45;EJE ACTUADOR 4.5 MM ;16;10
400;15;113;21111-55;EJE ACTUADOR 5.5MM ;16;10
400;15;114;61736R;EJE ATORNILLADOR ;16;10
400;15;115;54900-10-40;EJE DESPLEGADO 40MM ;16;10
400;15;116;54900-10-45;EJE DESPLEGADO 45MM ;16;10
400;15;117;54900-10-50;EJE DESPLEGADO 50MM ;16;10
400;15;118;61723-07;EJE EXTRACTOR TORNILLOS ;16;10
400;15;119;15-0446-25;ELEVADOR DE COBBS 25MM ;16;10
400;15;120;92927;EMPUJADOR BARRA ;16;10
400;15;121;22MNP01;EMPUJADOR BARRAS ;16;10
400;15;122;22IMP14;EMPUJADOR CURVO ;16;10
400;15;123;22PTG01;EMPUJADOR DE BARRAS EN T ;16;10
400;15;124;22IMP13;EMPUJADOR RECTO ;16;10
400;15;125;22OST01-10;ESCOPLO CON GUIA PARA OLYS DE 10MM ;16;10
400;15;126;22OST01-12;ESCOPLO CON GUIA PARA OLYS DE 12MM ;16;10
400;15;127;22OST01-14;ESCOPLO CON GUIA PARA OLYS DE 14MM ;16;10
400;15;128;22OST01-08;ESCOPLO CON GUIA PARA OLYS DE 8MM ;16;10
400;15;129;64641;EXTRACTOR IMPLANTE ;16;10
400;15;130;62941;EXTRACTOR TORNILLO ;16;10
400;15;131;61723;EXTRACTOR TORNILLOS ;16;10
400;15;132;22EMB02;EXTREMIDADES DISTRACTOR LATERAL ;16;10
400;15;133;62940;FRACTURADOR TORNILLO ALARGADO ;16;10
400;15;134;22FRA01-11;FRESA PARA OLYS DE 11MM ;16;10
400;15;135;22FRA01-12;FRESA PARA OLYS DE 12 MM ;16;10
400;15;136;22FRA01-06;FRESA PARA OLYS DE 6MM ;16;10
400;15;137;22FRA01-10;FRESA PARA OLYSDE 10MM ;16;10
400;15;138;22FRA01-07;FRESA PARA OLYSDE 7MM ;16;10
400;15;139;22FRA01-08;FRESA PARA OLYSDE 8MM ;16;10
400;15;140;22FRA01-09;FRESA PARA OLYSDE 9MM ;16;10
400;15;141;25-0324-02;GANCHO DE RAIZ ;16;10
400;15;142;OSM-6;GANCHO PALPADOR ;16;10
400;15;143;GS-69-8812;GUBIA KERRISON 2MM ;16;10
400;15;144;15-1013-08;GUBIA LEKSEL 23CM ;16;10
400;15;145;53774000;GUBIA LEKSEL 23CM ;16;10
400;15;146;3333-5377400;GUBIA PICO DE PATO ZIMMER ;16;10
400;15;147;22COMO5;IMPACTOR ;16;10
400;15;148;15-0976-27;GUBIA SAUERBRUCH ;16;10
400;15;149;21GDVV01;GUIA CON TRAYECTORIA VARIABLE ;16;10
400;15;150;15-0044-05;IMPACTOR ;16;10
400;15;151;15-1024-30;GUBIA SAUERBRUCH ;16;10
400;15;152;21ICC2A03;IMPACTOR CON TOPE ;16;10
400;15;153;61726;GUIA BROCA ANGULO VARIABLE ;16;10
400;15;154;21GDVF01;GUIA CON TRAYECTORIA FIJA ;16;10
400;15;155;21118;GUIA DE NITINOL ;16;10
400;15;156;61711;GUIA BROCA ANGULO FIJO ;16;10
400;15;157;64902-03;IMPACTOR CON TOPE ;16;10
400;15;158;22COM09;IMPACTOR DE INJERTO ;16;10
400;15;159;106-10-3-25;IMPACTOR DE25MM ;16;10
400;15;160;92981;INICIADOR ;16;10
400;15;161;92981-01;INICIADOR ;16;10
400;15;162;21103-02-45;INICIADOR DE 4.5 M ;16;10
400;15;163;21103-02-70;INICIADOR DE 7.0 M ;16;10
400;15;164;21103-02-55;INICIADOR DE5.5 MM ;16;10
400;15;165;21PC03;INICIADOR PUNTA CONICA ;16;10
400;15;166;64919;INSERTOR CURVO30 ;16;10
400;15;167;62932;INSERTOR MARCADORES OSEOS ;16;10
400;15;168;64904-02;INSERTOR NOVEL ;16;10
400;15;169;54900;INSERTOR OSSEOSCREW ;16;10
400;15;170;21TRV03;INSERTOR PINES ;16;10
400;15;171;64918;INSERTOR RECTO ( 2 PIEZAS) ;16;10
400;15;172;92908HLP;INSERTOR TUERCA HEXAGONAL ;16;10
400;15;173;21TVP01;INSTRUMENTO DE BLOQUEO ;16;10
400;15;174;25-0378-03;KERRINGSON 3MM ;16;10
400;15;175;25-0378-04;KERRINGSON 4 MM ;16;10
400;15;176;15-0148-07;LEXER 7MM 22CM ;16;10
400;15;177;22CLE19;LLAVE DISTRACTOR LATERAL ;16;10
400;15;178;22DYN02;LLAVE EN TORQUE DE 100 LBS ;16;10
400;15;179;21CLE04;LLAVE INFERIOR DISCOCERV ;16;10
400;15;180;62957;LLAVE TORQUE EN T 100LB ;16;10
400;15;181;62943;LLAVE TORQUE EN T 40LB ;16;10
400;15;182;22CLE16;LLAVE TTL ;16;10
400;15;183;21MAE01M;MANGO DESMONTABLE ;16;10
400;15;184;54900-02;MANGO DESPLEGADO ;16;10
400;15;185;86012-0401;MANGO EN T OSSEOFIX ;16;10
400;15;186;22PGN06;MANGO EN T RAPIDO ANCLAJE ;16;10
400;15;187;2105-01-45;MANGO INSERTOR 4.5MM ;16;10
400;15;188;21105-01-55;MANGO INSERTOR 5.5MM ;16;10
400;15;189;21105-01-70;MANGO INSERTOR DE 7.0 M ;16;10
400;15;190;21MAE02E;MANGO NEGRO ;16;10
400;15;191;22RTC01;MANGO RAPIDO ANCLAJE ;16;10
400;15;192;61718;MANIJA RAPIDO ANCLAJE ;16;10
400;15;193;92902;MANIPULADOR BARRA GRANDE ;16;10
400;15;194;92912;MANIPULADOR BARRA PEQUENO ;16;10
400;15;195;62911-L55;MARCADOR OSEO L 5.5MM ;16;10
400;15;196;62911-R55;MARCADOR OSEO R 5.5MM ;16;10
400;15;197;15-1284-18;MARTILLO GRANDE ;16;10
400;15;198;54900-40;MECANISMO ANTI DESPLIEGUE ;16;10
400;15;199;54900-30;MECANISMO RETRACCION ;16;10
400;15;200;62936;MEDIDOR DE TORNILLOS ;16;10
400;15;201;20PAC01;MEDIDOR INTERVERTEBRAL (2 PIEZAS) ;16;10
400;15;202;22OLS11-28F;OLYS IMPLANTE DE PRUEBA 11MM ;16;10
400;15;203;22OLS13-28F;OLYS IMPLANTE DE PRUEBA 13 MM ;16;10
400;15;204;22OLS07-28F;OLYS IMPLANTE DE PRUEBA 7MM ;16;10
400;15;205;22OLS09-28F;OLYS IMPLANTE DE PRUEBA 9 MM ;16;10
400;15;206;22OST02;OSTEOTOMO PARA OLYS ;16;10
400;15;207;22JAU01;PALPADOR ;16;10
400;15;208;OSM-11;PALPADORES DE BOLITA ;16;10
400;15;209;OSM-5;PALPADORES DE BOLITA ;16;10
400;15;210;SIN6;PALPADORES DE BOLITA ;16;10
400;15;211;21CLE03;PDC1 LLAVE SUPERIOR DISCOSERV 11PDC-H ;16;10
400;15;212;21FPDC1-H1;PDC1 PRUEBA DISCOCERV PDC 1/5.25MM ;16;10
400;15;213;21FPDC1-H2;PDC1 PRUEBA DISCOCERV PDC 1/6MM ;16;10
400;15;214;21GPC01;PDC1 PRUEBA PLANA PARA DISCOCERV ;16;10
400;15;215;21GPC02;PDC1 PRUEBA PLANADISCOCERV ;16;10
400;15;216;21EDC02;PDC1-H SEPARADOR ;16;10
400;15;217;21EDC03;PDC2 DISCOCERV DISTRACTOR ;16;10
400;15;218;21CLE05;PDC2 LLAVE SUPERIOR DISCOCERV ;16;10
400;15;219;21PRE-09;PDC2 PORTAIMPLANTES ;16;10
400;15;220;OSM-8;PIN DE 1.5MM ;16;10
400;15;221;21FCD35-14;PIN DE 14 MM ;16;10
400;15;222;21FCD35-16;PIN DE 16 MM ;16;10
400;15;223;OSM-10;PIN DE 2.0 MM LARGOS ;16;10
400;15;224;OSM-9;PIN DE 2.0MM ;16;10
400;15;225;21FPC01;PIN TEMPORAL ;16;10
400;15;226;61724;PIN TEMPORAL ;16;10
400;15;227;SIN5;PINES 2.0 LARGOS ;16;10
400;15;228;OSM-12;PINES DE 1.5 ;16;10
400;15;229;SIN3;PINES DE 1.5 CORTOS ;16;10
400;15;230;OSM-3;PINES DE 1.5MM ;16;10
400;15;231;OSM-13;PINES DE 2.0 MM CORTOS ;16;10
400;15;232;OSM-4;PINES DE 2.0MM ;16;10
400;15;233;SIN4;PINES DE 2.0MM CORTOS ;16;10
400;15;234;OSM-2;PINES ROMOS ;16;10
400;15;235;OSM-7;PINES ROMOS ;16;10
400;15;236;SIN2;PINES ROMOS CORTOS ;16;10
400;15;237;SIN1;PINES ROMOS LARGOS ;16;10
400;15;238;25-0450-01;PINZA BIOPSIA RECTA ;16;10
400;15;239;92906;PINZA COMPRESORA ;16;10
400;15;240;22CNT09;PINZA COMPRESORA ;16;10
400;15;241;92906-LT;PINZA COMPRESORA ;16;10
400;15;242;203-10-50;PINZA CORTA MALLA CILINDRICA ;16;10
400;15;243;22PIN14;PINZA DE DISCO CURVA ;16;10
400;15;244;22PIN15;PINZA DE DISCO DE ACODADA ;16;10
400;15;245;22PIN13;PINZA DE DISCO RECTA ;16;10
400;15;246;92907;PINZA DISTRACTORA ;16;10
400;15;247;22DSP20;PINZA DISTRACTORA ;16;10
400;15;248;22DST03;PINZA DISTRACTORA ;16;10
400;15;249;22DST05;PINZA DISTRACTORA ;16;10
400;15;250;25-0378-01;PINZA KERRIGSON 1MM ;16;10
400;15;251;25-0378-02;PINZA KERRIGSON 2 MM ;16;10
400;15;252;GS69-6811;PINZA KERRISON DE 18CM MORDIDA 1MM ;16;10
400;15;253;29-733-180;PINZA OLLIGATOR ;16;10
400;15;254;53-0375;PINZA OLLIGATOR RECTA ;16;10
400;15;255;21PIN04;PINZA PARA RETIRAR DISCOCERV ;16;10
400;15;256;22PER01US;PINZA PERSUADER IN ;16;10
400;15;257;201-10-10;PINZA PORTA MALLA CILINDRICA ;16;10
400;15;258;22PIN04;PINZA PORTABARRAS GRANDE ;16;10
400;15;259;22PIN05-F;PINZA PORTABARRAS PEQ ;16;10
400;15;260;22TG55-400;PLANTILLA ;16;10
400;15;261;62930-15;PLANTILLA 5X150MM ;16;10
400;15;262;64636-110;PLANTILLA NOVEL-TL 50 X 10 MM ;16;10
400;15;263;64637-112;PLANTILLA NOVEL-TL 50 X 12 MM ;16;10
400;15;264;64636-107;PLANTILLA NOVEL-TL 50 X 7 MM ;16;10
400;15;265;64637-108;PLANTILLA NOVEL-TL 50 X 8 MM ;16;10
400;15;266;62916;PORTA BARRA ;16;10
400;15;267;21PPF02;PORTA PINES CERVICAL 2 PIEZAS ;16;10
400;15;268;21PRE13;PORTA PLACA ;16;10
400;15;269;61722;PORTA PLACAS ;16;10
400;15;270;22PRE14;PORTACAJA3 PIEZAS ;16;10
400;15;271;21PRE02;PORTAIMPLANTES DISCOCERV ;16;10
400;15;272;21PRE08;PORTAIMPLANTES DISCOCERV ;16;10
400;15;273;21PRE09;PORTAIMPLANTES DISCOCERV ;16;10
400;15;274;92901;POSICIONADOR CABEZA ;16;10
400;15;275;73730;POSICIONADOR DE CABEZA ;16;10
400;15;276;22PTG04;POSICIONADOR DE CABEZAS ;16;10
400;15;277;21ICC2A01;PRENSOR/IMPACTOR DE CAJA CON TOPE (2 P) ;16;10
400;15;278;21ICC2AO1;PRENSOR/IMPACTOR DE CAJA CON TOPE 2P ;16;10
400;15;279;20DST01;PRENSOR-DISTRACTOR PARA IMPLANTE CORPCT ;16;10
400;15;280;20DST02;PRENSOR-DISTRACTOR PARA IMPLANTE CORPCT CORTO ;16;10
400;15;281;22SPT04;PRFUNDIZADOR CURVO ;16;10
400;15;282;64903-105;PROBADOR 5MM ;16;10
400;15;283;64903-106;PROBADOR 6MM ;16;10
400;15;284;64903-107;PROBADOR 7MM ;16;10
400;15;285;92958;PROFUNDIZADOR CURVO ;16;10
400;15;286;92983;PROFUNDIZADOR CURVO ;16;10
400;15;287;92917;PROFUNDIZADOR RECTO ;16;10
400;15;288;92959;PROFUNDIZADOR RECTO ;16;10
400;15;289;22SPT03;PROFUNDIZADOR RECTO ;16;10
400;15;290;21CC2AC17-5F;PRUEBA CAJA PEEK L13MM/AN17MM/AL5MM ;16;10
400;15;291;21CC2AC17-6F;PRUEBA CAJA PEEK L13MM/AN17MM/AL5MM ;16;10
400;15;292;21CC2A17-6F;PRUEBA CAJA PEEK L15MM/AN17MM/AL6MM ;16;10
400;15;293;21CC2A17-7F;PRUEBA CAJA PEEK L15MM/AN17MM/AL7MM ;16;10
400;15;294;21CC2A20-5F;PRUEBA CAJA PEEK L15MM/AN20MM/AL5MM ;16;10
400;15;295;21CC2A20-6F;PRUEBA CAJA PEEK L15MM/AN20MM/AL6MM ;16;10
400;15;296;21FPDC1-H3;PRUEBA DISCOCERV PDC 1/6.75 MM ;16;10
400;15;297;21FPDC1-H4;PRUEBA DISCOCERV PDC 1/7.5 MM ;16;10
400;15;298;21PC04;PUNTA CONICA CON TOPE ;16;10
400;15;299;OSM-1;PUNZON CALIBRADO ;16;10
400;15;300;OSM-14;PUNZON CALIBRADO ;16;10
400;15;301;61707;PUNZON CON TOPE ;16;10
400;15;302;22PT03-B;PUNZON CORTO ;16;10
400;15;303;61730;PUNZON INICIADOR ;16;10
400;15;304;22PT02;PUNZON LARGO ;16;10
400;15;305;61708;PUNZON SIN TOPE ;16;10
400;15;306;62926;RATCHET EN T RAPIDO ANCLAJE ;16;10
400;15;307;62935;RATCHET MODULAR RAPIDO ANCLAJE ;16;10
400;15;308;92905;REDUCTOR ;16;10
400;15;309;92904;REDUCTOR BARRA GRANDE ;16;10
400;15;310;62921;REDUCTOR BARRA PEQUENO ;16;10
400;15;311;22MES1;REGLA MEDIDORA ;16;10
400;15;312;11-0871-33;RETRACTOR BECKMAN ;16;10
400;15;313;25-0112-00;RETRACTOR CLOWARD + 5 VALVAS ;16;10
400;15;314;11-0912-18;RETRACTOR GELPY ;16;10
400;15;315;11-0400-02;RETRACTOR HEOSEL ;16;10
400;15;316;11-0311-06;RETRACTOR KOCHER 22 CM ;16;10
400;15;317;SCO-RET;RETRACTOR SCOVILLE + 8 VALVAS ;16;10
400;15;318;54990-20-01;RIMADOR CANULAS DERECHO ;16;10
400;15;319;54990-20-02;RIMADOR CANULAS IZQUIERDA ;16;10
400;15;320;54900-20-01;RIMADOR DERECHO ;16;10
400;15;321;54900-20-02;RIMADOR IZQUIERDO ;16;10
400;15;322;92932;ROTADOR BARRAS ;16;10
400;15;323;SCOT-RET;SCOVILLE + 6 VALVAS ;16;10
400;15;324;290261;SEPARADOR DE CLOWARD ;16;10
400;15;325;22ECT05-06;SEPARADOR DE RAIZ DE 6 MM ;16;10
400;15;326;22ECT05-08;SEPARADOR DE RAIZ DE 8MM ;16;10
400;15;327;11-0248-21;SEPARADOR U.S ARMY ;16;10
400;15;328;65458;SONDA PEDICULAR ;16;10
400;15;329;65458-01;SONDA PEDICULAR ;16;10
400;15;330;22SOC05;SOPORTE PARA RELLENO OSEO ;16;10
400;15;331;22PRE13;SUJETADOR PLATILLOS TECORP(3 P) ;16;10
400;15;332;61715;TARRAJA 10MM ;16;10
400;15;333;92910-45;TARRAJA 4.5MM ;16;10
400;15;334;92910-55;TARRAJA 5.5MM ;16;10
400;15;335;92910-65;TARRAJA 6.5MM ;16;10
400;15;336;15-0650-02;TAYLOR GRANDE ;16;10
400;15;337;15-0650-01;TAYLOR PEQUENO ;16;10
400;15;338;11-0690-10;TESSIER OSTEOTOME ;16;10
400;15;339;21109-45;TORQUE 4.5MM ;16;10
400;15;340;21109-55;TORQUE 5.5MM ;16;10
400;15;341;21109-70;TORQUE 7.0MM ;16;10
400;15;342;20TRE01;TREFINA SAMARYS (3 P) ;16;10
400;15;343;21105-02-70;TUBO BLOQUEO 7.0MM ;16;10
400;15;344;21105-02;TUBO DE BLOQUEO 4.5 ;16;10
400;15;345;21105-02-55;TUBO DE BLOQUEO 5.5MM ;16;10
400;15;346;290264;VALVA SEPARADOR CLOWARD 35 MM ;16;10
400;15;347;290265;VALVA SEPARADOR CLOWARD 37 MM ;16;10
400;15;348;290266;VALVA SEPARADOR CLOWARD 40 MM ;16;10
400;15;349;290267;VALVA SEPARADOR CLOWARD 42 MM ;16;10
400;15;350;290285;VALVA SEPARADOR CLOWARD 45 MM ;16;10
400;15;351;21CC2A17-5F;PRUEBA CAJA PEEK L15MM/AN17MM/AL5MM ;16;10
400;15;352;GS696811;PINZA KERRISON DE 18CM MORDIDA 1MM ;16;10
400;15;353;CAS-RET;RETRACTOR CASPER ( ATORNILLADOR + 3 PINES ) ;16;10
400;15;354;54910;CAJA INSTRUMENTAL OSSEOSCREW ;16;10
500;5;1;OSM-PEEK;IMPLANTE PARA CRANEO ;0;15
500;10;1;OSAT-406;ALLOGRAFT CHIPS DE 15 CC ;0;6
500;10;2;OSAT-423;ALLOGRAFT CHIPS DE HUESO ESPONJOSO ;0;6
500;10;3;OSAT-421;ALLOGRAFT CHIPS DE HUESO ESPONJOSO 10CC 4-10MM ;0;6
500;10;4;OSAT-422;ALLOGRAFT CHIPS DE HUESO ESPONJOSO 4-10 MM.7.5 CC ;0;6
500;10;5;OSAT-302FD;ALLOGRAFT CUNA TRICORTICAL ILION 16-19MM ;0;6
500;10;6;OSAT-577I;ALLOGRAFT DBM PUTTY 2.0 CC ;0;6
500;10;7;OSBCG-04;MEMBRANA BIOCOLLAGEN 40X30X0.2 ;0;6
500;10;8;OSP-04;OSTEOPLANT CABEZA HEMI-FEMORAL 1PC DIAMETRO 6X20 M;0;6
500;10;9;OSAT-402;ALLOGRAFT CUBOS DE 15 CC ;0;6
500;10;10;OSAT-401;ALLOGRAFT CUBOS DE 30 CC ;0;6
500;10;11;OSAT-575;ALLOGRAFT DBM PUTTY 0.5 CC ;0;6
500;10;12;OSAT-576;ALLOGRAFT DBM PUTTY 1 CC ;0;6
500;10;13;OSAT-579;ALLOGRAFT DBM PUTTY 10 CC ;0;6
500;10;14;OSAT-521;ALLOGRAFT GRANULOS DE 1 CC ;0;6
500;10;15;OSAT-522;ALLOGRAFT GRANULOS DE 2 CC ;0;6
500;10;16;OSAT-305FD;ALLOGRAF CUNA 8-15MM ;0;6
500;10;17;OSBCG-01;ALLOGRAFT BIOCOLLAGEN MENBRANA 25*25*0.2 ;0;6
500;10;18;OSAT-577;ALLOGRAFT DBM PUTTY 2.5CC ;0;6
500;10;19;OSAT-578;ALLOGRAFT DBM PUTTY 5CC ;0;6
500;10;20;OSHRT-41DM;ALLOGRAFT INJERTO DURAMADRE 41DM ;0;6
500;10;21;OSHRT-42DM;ALLOGRAFT INJERTO DURAMADRE 42DM ;0;6
500;10;22;1110410040;BIOGENT I CEMENTO QUIRURGICO ;0;6
500;10;23;OSAT-576B;M.O.D PUTTY BONGENER DE 1.0 CC ;0;6
500;10;24;OSAT-579B;M.O.D PUTTY BONGENER DE 10 CC ;0;6
500;10;25;OSAT-577B;M.O.D PUTTY BONGENER DE 2.5 CC ;0;6
500;10;26;OSAT-578B;M.O.D PUTTY BONGENER DE 5.0 CC ;0;6
500;10;27;OBCG-04;MEMBRANA BIOCOLLAGEN 40X30X0.2 MM ;0;6
500;15;1;119-25-100-A;ANILLO DE LORDOSIS DE 25 MM ;0;9
500;15;2;119-16-01-A;ANILLO ROM DE 16 MM ;0;9
500;15;3;119-25-01-A;ANILLO ROM DE 25 MM ;0;9
500;15;4;62002-10;BARRA 100MM ;0;9
500;15;5;62002-11;BARRA 110MM ;0;9
500;15;6;62002-12;BARRA 120MM ;0;9
500;15;7;62002-13;BARRA 130MM ;0;9
500;15;8;62002-04;BARRA 40MM ;0;9
500;15;9;62001-50;BARRA 500MM ;0;9
500;15;10;62002-05;BARRA 50MM ;0;9
500;15;11;62002-06;BARRA 60MM ;0;9
500;15;12;62002-07;BARRA 70MM ;0;9
500;15;13;62002-08;BARRA 80MM ;0;9
500;15;14;62002-09;BARRA 90MM ;0;9
500;15;15;12TGS55-55;BARRA DINAMICA 5.5MM/L55MM ;0;9
500;15;16;12TGS55-56;BARRA DINAMICA 5.5MM/L55MM ;0;9
500;15;17;12TG55-100;BARRA RIGIDA 5.5MM/L100MM ;0;9
500;15;18;12TG55-110;BARRA RIGIDA 5.5MM/L110MM ;0;9
500;15;19;12TG55-130;BARRA RIGIDA 5.5MM/L130MM ;0;9
500;15;20;12TG55-300;BARRA RIGIDA 5.5MM/L300MM ;0;9
500;15;21;12TG55-400;BARRA RIGIDA 5.5MM/L400MM ;0;9
500;15;22;12TG55-40;BARRA RIGIDA 5.5MM/L40MM ;0;9
500;15;23;12TG55-045;BARRA RIGIDA 5.5MM/L45MM ;0;9
500;15;24;12TG55-50;BARRA RIGIDA 5.5MM/L50MM ;0;9
500;15;25;12TG55-055;BARRA RIGIDA 5.5MM/L55MM ;0;9
500;15;26;12TG55-60;BARRA RIGIDA 5.5MM/L60MM ;0;9
500;15;27;12TG55-065;BARRA RIGIDA 5.5MM/L65MM ;0;9
500;15;28;12TG55-075;BARRA RIGIDA 5.5MM/L75MM ;0;9
500;15;29;12TG55-80;BARRA RIGIDA 5.5MM/L80MM ;0;9
500;15;30;12TG55-085;BARRA RIGIDA 5.5MM/L85MM ;0;9
500;15;31;12TG55-095;BARRA RIGIDA 5.5MM/L95MM ;0;9
500;15;32;11CC2AC17-6;CAJA CERVICAL PEEK L17MM/AN13MM/AL6MM ;0;9
500;15;33;11CC2A17-8-H;CAJA CERVICAL PEEK L17MM/AN15MM/AL8MM ;0;9
500;15;34;11CC2AC17-5;CAJA CERVICAL PEEK L17MM/AN1MM/AL5MM ;0;9
500;15;35;12OLS11-28;CAJA PEEK TRANSFORAMINAL OLYS 28 MM/11MM ;0;9
500;15;36;12OLS13-28;CAJA PEEK TRANSFORAMINAL OLYS 28 MM/13MM ;0;9
500;15;37;12OLS09-28;CAJA PEEK TRANSFORAMINAL OLYS 28 MM/9MM ;0;9
500;15;38;73701-11;CANULA DE FOCALIZACION ;0;9
500;15;39;21305;CANULA PARA CEMENTO ;0;9
500;15;40;21390;CEMENTO RADIOPACO ;0;9
500;15;41;119-20-30-A;CILINDRO INVERTEBRA 19 X 30 MM ;0;9
500;15;42;119-16-30-A;CILINDRO INVERTEBRAL 16 X 30 MM(IMPTCH) ;0;9
500;15;43;119-20-70A;CILINDRO INVERTEBRAL19 X 70 MM ;0;9
500;15;44;119-12-30A;CILINDRO INVERTEBRALRV 12 X 30 MM (IMPTCH ) ;0;9
500;15;45;11-2075;CUERPO TRANSVERSO L ;0;9
500;15;46;11-2053;CUERPO TRANSVERSO M ;0;9
500;15;47;11-2042;CUERPO TRANSVERSO S ;0;9
500;15;48;11-2037;CUERPO TRANSVERSO XS ;0;9
500;15;49;11ICC16-26;IMPLANTE CERVICAL DE 16 MM ALTURA 26 A 37 ;0;9
500;15;50;64765-105;NOVEL 7 X 5MM ;0;9
500;15;51;64765-106;NOVEL 7 X 6MM ;0;9
500;15;52;11-2028;CUERPO TRANSVERSO XXS ;0;9
500;15;53;64765-107;NOVEL 7 X 7MM ;0;9
500;15;54;64765-108;NOVEL 7 X 8MM ;0;9
500;15;55;64657-110;NOVEL-TL 10 MM ;0;9
500;15;56;11ICC16-38;IMPLANTE CERVICAL DE 16 MM ALTURA 38 A 61 ;0;9
500;15;57;11ICC16-20;IMPLANTE CERVICAL DE 16 MM ALTURA 20 A 25 ;0;9
500;15;58;21301;KIT MIX CEMENTO ;0;9
500;15;59;64657-112;NOVEL-TL 12 MM ;0;9
500;15;60;64657-106;NOVEL-TL 6 MM ;0;9
500;15;61;64657-108;NOVEL-TL 8 MM ;0;9
500;15;62;21298-45;OSSEOFIX 4.5 MM ;0;9
500;15;63;21298-55;OSSEOFIX 5.5 MM ;0;9
500;15;64;21298-70;OSSEOFIX 7.0 MM ;0;9
500;15;65;53165-40;OSSEOSCREW ALARGADO 6.5X40MM ;0;9
500;15;66;53165-45;OSSEOSCREW ALARGADO 6.5X45MM ;0;9
500;15;67;53165-50;OSSEOSCREW ALARGADO 6.5X50MM ;0;9
500;15;68;53065-40;OSSEOSCREW POLIAXIAL 6.5X40MM ;0;9
500;15;69;53065-45;OSSEOSCREW POLIAXIAL 6.5X45MM ;0;9
500;15;70;53065-50;OSSEOSCREW POLIAXIAL 6.5X50MM ;0;9
500;15;71;53075-40;OSSEOSCREW POLIAXIAL 7.5X40MM ;0;9
500;15;72;53075-45;OSSEOSCREW POLIAXIAL 7.5X45MM ;0;9
500;15;73;53075-50;OSSEOSCREW POLIAXIAL 7.5X50MM ;0;9
500;15;74;11PCS0210;PLACA CERVICAL STELLA 1.95 MM / L 21 MM ;0;9
500;15;75;11PCS0235;PLACA CERVICAL STELLA 1.95 MM / L 23.5 MM ;0;9
500;15;76;11PCS0260;PLACA CERVICAL STELLA 1.95 MM / L 26 MM ;0;9
500;15;77;11PCS0285;PLACA CERVICAL STELLA 1.95 MM / L 28.5 MM ;0;9
500;15;78;11PCS0310;PLACA CERVICAL STELLA 1.95 MM / L 31 MM ;0;9
500;15;79;11PCS0335;PLACA CERVICAL STELLA 1.95 MM / L 335 MM ;0;9
500;15;80;11PCS0360;PLACA CERVICAL STELLA 1.95 MM / L 36 MM ;0;9
500;15;81;11PCS0385;PLACA CERVICAL STELLA 1.95 MM / L 38.5 MM ;0;9
500;15;82;11PCS0435;PLACA CERVICAL STELLA 1.95 MM / L 43.5 MM ;0;9
500;15;83;11PCS0460;PLACA CERVICAL STELLA 1.95 MM / L 46 MM ;0;9
500;15;84;11PCS0535;PLACA CERVICAL STELLA 1.95 MM L 53.5 MM ;0;9
500;15;85;11PCS0560;PLACA CERVICAL STELLA 1.95 MM L 56 MM ;0;9
500;15;86;11PCS0585;PLACA CERVICAL STELLA 1.95 MM L 58.5 MM ;0;9
500;15;87;11PCS0610;PLACA CERVICAL STELLA 1.95 MM L 61 MM ;0;9
500;15;88;11PCS0760;PLACA CERVICAL STELLA DE 1.95 MM 76 MM ;0;9
500;15;89;11PCS0810;PLACA CERVICAL STELLA DE 1.95 MM 81 MM ;0;9
500;15;90;11PCS0860;PLACA CERVICAL STELLA DE 1.95 MM 86 MM ;0;9
500;15;91;11PC0910;PLACA CERVICAL STELLA DE 1.95 MM 91 MM ;0;9
500;15;92;11PCS1010;PLACA CERVICAL STELLA DE 1.95 MM L 101 MM ;0;9
500;15;93;11PCS1060;PLACA CERVICAL STELLA DE 1.95 MM L 106 MM ;0;9
500;15;94;11PCS1110;PLACA CERVICAL STELLA DE 1.95 MM L 111 MM ;0;9
500;15;95;11PCS1160;PLACA CERVICAL STELLA DE 1.95 MM L 116 MM ;0;9
500;15;96;11PCS0660;PLACA CERVICAL STELLA DE 1.95 MM L 66 MM ;0;9
500;15;97;11PCS0710;PLACA CERVICAL STELLA DE 1.95 MM L 71 MM ;0;9
500;15;98;12PIC27-5;PLATILLO TECORP LUMBAR5 ;0;9
500;15;99;12PIC21-0;PLATILLO TECORP TORAXICO 0 ;0;9
500;15;100;12PIC21-5;PLATILLO TECORP TORAXICO 5 ;0;9
500;15;101;11PDC2-H3S;PROTESIS DISCERV 20*15/7.5MM ;0;9
500;15;102;11PDC2-H2S;PROTESIS DESCOCERV 20*15/6.75MM ;0;9
500;15;103;12PIC27-0;PLATILLO TECORP LUMBARO ;0;9
500;15;104;12PIC27-7;PLATILLO TECORP LUMBAR7 ;0;9
500;15;105;11PDC1-H3S;PROTESIS DISCERV 17*13/6.75MM ;0;9
500;15;106;12PIC21-7;PLATILLO TECORP TORAXICO 7 ;0;9
500;15;107;11PDC1-H1S;PROTESIS DISCOCERV 17*13/5.25 MM ;0;9
500;15;108;11PDC1-H2S;PROTESIS DISCOCERV 17*13/6MM ;0;9
500;15;109;11PDC2-H1S;PROTESIS DISCOCERV 20*15/6MM ;0;9
500;15;110;TEC-CER-16;TECORP CERVICAL 16 MM ;0;9
500;15;111;12ICL27-31;TECORP LUMBAR 31 MM ;0;9
500;15;112;12ICL27-43;TECORP LUMBAR 43 MM ;0;9
500;15;113;12ICT21-24;TECORP TORAXICO 24 MM ;0;9
500;15;114;12ICT21-30;TECORP TORAXICO 30 MM ;0;9
500;15;115;12ICT21-42;TECORP TORAXICO 42 MM ;0;9
500;15;116;22015;TOPE HEXAGONAL ;0;9
500;15;117;61240-012;TORNILLO AUTOPERFORANTE 4.0X12MM ;0;9
500;15;118;61240-014;TORNILLO AUTOPERFORANTE 4.0X14MM ;0;9
500;15;119;61240-016;TORNILLO AUTOPERFORANTE 4.0X16MM ;0;9
500;15;120;61345-012;TORNILLO AUTOTARRAJANTE 4.5X12MM ;0;9
500;15;121;61345-014;TORNILLO AUTOTARRAJANTE 4.5X14MM ;0;9
500;15;122;61345-016;TORNILLO AUTOTARRAJANTE 4.5X16MM ;0;9
500;15;123;11VC40-12;TORNILLO CERVICAL 4.0 MM/ L 12 MM ;0;9
500;15;124;11VC40-14;TORNILLO CERVICAL 4.0 MM/ L 14 MM ;0;9
500;15;125;11VC40-16;TORNILLO CERVICAL 4.0 MM/ L 16 MM ;0;9
500;15;126;T-CER-PCB;TORNILLO CERVICAL PCB ;0;9
500;15;127;11VC45-12R;TORNILLO CERVICALREVISION 4.5 MM /L 12 MM ;0;9
500;15;128;11VC45-14R;TORNILLO CERVICALREVISION 4.5 MM /L 14 MM ;0;9
500;15;129;11VC45-16R;TORNILLO CERVICALREVISION 4.5 MM /L 16 MM ;0;9
500;15;130;11VC45-18R;TORNILLO CERVICALREVISION 4.5 MM /L 18 MM ;0;9
500;15;131;12VTLM45-25;TORNILLO MONOAXIAL IN 4.5/25 MM ;0;9
500;15;132;12VTLM45-30;TORNILLO MONOAXIAL IN 4.5/30 MM ;0;9
500;15;133;12VTLM45-35;TORNILLO MONOAXIAL IN 4.5/35 MM ;0;9
500;15;134;12VTLM55-35;TORNILLO MONOAXIAL IN 5.5/35 mm ;0;9
500;15;135;12VTLM55-40;TORNILLO MONOAXIAL IN 5.5/40 mm ;0;9
500;15;136;12VTLM55-45;TORNILLO MONOAXIAL IN 5.5/45 mm ;0;9
500;15;137;12VTLM62-35;TORNILLO MONOAXIAL IN 6.2/35 mm ;0;9
500;15;138;12VTLM62-40;TORNILLO MONOAXIAL IN 6.2/40 mm ;0;9
500;15;139;12VTLM62-45;TORNILLO MONOAXIAL IN 6.2/45 mm ;0;9
500;15;140;12VTLM70-40;TORNILLO MONOAXIAL IN 7/40 mm ;0;9
500;15;141;12VTLM70-45;TORNILLO MONOAXIAL IN 7/45 mm ;0;9
500;15;142;12VTLP45-25;TORNILLO POLYAXIAL IN 4.5/25 MM ;0;9
500;15;143;12VTLP45-30;TORNILLO POLYAXIAL IN 4.5/30 MM ;0;9
500;15;144;12VTLP45-35;TORNILLO POLYAXIAL IN 4.5/35 MM ;0;9
500;15;145;12VTLP55-35;TORNILLO POLYAXIAL IN 5.5/ 35 MM ;0;9
500;15;146;12VTLP55-40;TORNILLO POLYAXIAL IN 5.5/ 40 MM ;0;9
500;15;147;12VTLP55-45;TORNILLO POLYAXIAL IN 5.5/ 45 MM ;0;9
500;15;148;12VTLP55-30;TORNILLO POLYAXIAL IN 5.5/30 MM ;0;9
500;15;149;12VTLP70-35;TORNILLO POLYAXIAL IN 7/ 35 MM ;0;9
500;15;150;12VTLP70-40;TORNILLO POLYAXIAL IN 7/ 40 MM ;0;9
500;15;151;61001-012;TRESTLE 12MM ;0;9
500;15;152;12VTLP62-50;TORNILLO POLYAXIAL IN 6.2/ 50 MM ;0;9
500;15;153;12VTLP70-45;TORNILLO POLYAXIAL IN 7/ 45 MM ;0;9
500;15;154;12VTLP62-45;TORNILLO POLYAXIAL IN 6.2/ 45 MM ;0;9
500;15;155;12VTLP62-40;TORNILLO POLYAXIAL IN 6.2/ 40 MM ;0;9
500;15;156;12VTLP62-35;TORNILLO POLYAXIAL IN 6.2/ 35 MM ;0;9
500;15;157;12VTLP55-50;TORNILLO POLYAXIAL IN 5.5/50 MM ;0;9
500;15;158;61001-014;TRESTLE 14MM ;0;9
500;15;159;61001-016;TRESTLE 16MM ;0;9
500;15;160;61001-018;TRESTLE 18MM ;0;9
500;15;161;61001-020;TRESTLE 20MM ;0;9
500;15;162;61001-022;TRESTLE 22MM ;0;9
500;15;163;61001-024;TRESTLE 24MM ;0;9
500;15;164;61001-026;TRESTLE 26MM ;0;9
500;15;165;61002-028;TRESTLE 28MM ;0;9
500;15;166;61002-030;TRESTLE 30MM ;0;9
500;15;167;61002-032;TRESTLE 32MM ;0;9
500;15;168;61002-034;TRESTLE 34MM ;0;9
500;15;169;61002-037;TRESTLE 37MM ;0;9
500;15;170;61002-040;TRESTLE 40MM ;0;9
500;15;171;61002-043;TRESTLE 43MM ;0;9
500;15;172;61002-046;TRESTLE 46MM ;0;9
500;15;173;61003-048;TRESTLE 48MM ;0;9
500;15;174;61003-054;TRESTLE 54MM ;0;9
500;15;175;61003-057;TRESTLE 57MM ;0;9
500;15;176;61003-060;TRESTLE 60MM ;0;9
500;15;177;61003-063;TRESTLE 63MM ;0;9
500;15;178;61003-066;TRESTLE 66MM ;0;9
500;15;179;61003-069;TRESTLE 69MM ;0;9
500;15;180;61004-076;TRESTLE 76MM ;0;9
500;15;181;12BDS01;TUERCA INTERNA ISOBAR IN ;0;9
500;15;182;62045-25;ZODIAC MULTIAXIAL 4.5X25MM ;0;9
500;15;183;62045-30;ZODIAC MULTIAXIAL 4.5X30MM ;0;9
500;15;184;62045-35;ZODIAC MULTIAXIAL 4.5X35MM ;0;9
500;15;185;62045-40;ZODIAC MULTIAXIAL 4.5X40MM ;0;9
500;15;186;62055-30;ZODIAC MULTIAXIAL 5.5X30MM ;0;9
500;15;187;62055-35;ZODIAC MULTIAXIAL 5.5X35MM ;0;9
500;15;188;62055-40;ZODIAC MULTIAXIAL 5.5X40MM ;0;9
500;15;189;62055-45;ZODIAC MULTIAXIAL 5.5X45MM ;0;9
500;15;190;62065-30;ZODIAC MULTIAXIAL 6.5X30MM ;0;9
500;15;191;62065-35;ZODIAC MULTIAXIAL 6.5X35MM ;0;9
500;15;192;62065-40;ZODIAC MULTIAXIAL 6.5X40MM ;0;9
500;15;193;62065-45;ZODIAC MULTIAXIAL 6.5X45MM ;0;9
500;15;194;62065-50;ZODIAC MULTIAXIAL 6.5X50MM ;0;9
500;15;195;62075-35;ZODIAC MULTIAXIAL 7.5X35MM ;0;9
500;15;196;62075-40;ZODIAC MULTIAXIAL 7.5X40MM ;0;9
500;15;197;62075-45;ZODIAC MULTIAXIAL 7.5X45MM ;0;9
500;15;198;62155-35;ZODIAC MULTIAXIAL ALARGADO 5.5X35MM ;0;9
500;15;199;62155-36;ZODIAC MULTIAXIAL ALARGADO 5.5X35MM ;0;9
500;15;200;62155-40;ZODIAC MULTIAXIAL ALARGADO 5.5X40MM ;0;9
500;15;201;62155-45;ZODIAC MULTIAXIAL ALARGADO 5.5X45MM ;0;9
500;15;202;62165-35;ZODIAC MULTIAXIAL ALARGADO 6.5X35MM ;0;9
500;15;203;62165-40;ZODIAC MULTIAXIAL ALARGADO 6.5X40MM ;0;9
500;15;204;62165-45;ZODIAC MULTIAXIAL ALARGADO 6.5X45MM ;0;9
500;15;205;880478;KIT VERTEBROPLASTIA (CANULA + CEMENTO + MIX) ;0;9
500;15;206;119-20-140-A;CILINDRO INVERTEBRAL 20 X 140 MM(IMPTCH) ;0;9
500;15;207;119-25-30A;CILINDRO INVERTEBRAL 25 X 30 MM ;0;9
500;15;208;119-100;TORNILLO PARA ANILLO ROM ;0;9
500;15;209;119-20-01-A;ANILLO ROM DE 20 MM ;0;9
500;15;210;11CC2A17-7;CAJA CERVICAL PEEK L17MM/AN15MM/AL7MM ;0;9
500;15;211;119-16-70-A;CILINDRO INVERTEBRAL 16 X 70 MM ;0;9
500;15;212;11CC2A20-5-H;CAJA CERVICAL PEEK L20MM/AN15MM/AL5MM ;0;9
500;15;213;11CC2A20-6;CAJA CERVICAL PEEK L20MM/AN15MM/AL6MM ;0;9
500;15;214;62055-50;ZODIAC MULTIAXIAL 5.5 X 50 MM ;0;6
600;5;1;OSFCPRP-01;FACTORES DE CRECIMIENTO PRP-01 KIT X 1 CC ;0;16
600;5;2;OSFCPRP-10;FACTORES DE CRECIMIENTO PRP-01 KIT X 10 CC ;0;17
